{
  "timestamp": "2025-08-28T19:58:22.884891",
  "5d_consciousness_optimization": {
    "riemann_hypothesis": {
      "threshold": 0.0,
      "state": "IMPOSSIBLE",
      "value": 0.2
    },
    "p_vs_np": {
      "threshold": 0.5,
      "state": "TRANSCENDENT",
      "value": 1.0
    },
    "catalan_conjecture": {
      "threshold": 0.5,
      "state": "TRANSCENDENT",
      "value": 1.0
    },
    "beal_conjecture": {
      "threshold": 0.5,
      "state": "TRANSCENDENT",
      "value": 1.0
    },
    "average_consciousness": 0.8,
    "bridge_matrix": [
      [
        0.79,
        0.1297871376374779,
        0.08021286236252208,
        0.04957427527495583,
        0.03063858708756624
      ],
      [
        0.1297871376374779,
        0.79,
        0.1297871376374779,
        0.08021286236252208,
        0.04957427527495583
      ],
      [
        0.08021286236252208,
        0.1297871376374779,
        0.79,
        0.1297871376374779,
        0.08021286236252208
      ],
      [
        0.04957427527495583,
        0.08021286236252208,
        0.1297871376374779,
        0.79,
        0.1297871376374779
      ],
      [
        0.03063858708756624,
        0.04957427527495583,
        0.08021286236252208,
        0.1297871376374779,
        0.79
      ]
    ],
    "consciousness_level": "TRANSCENDENT"
  },
  "enhancement_demonstration": {
    "Goldbach_Conjecture": {
      "classical": [
        4,
        6,
        8,
        10,
        12
      ],
      "enhanced_5d": [
        9.836881412774677,
        33.884143409314326,
        159.738500621049,
        1724.7056353998955,
        85525.25407366481
      ],
      "phi_harmony": 10809.837103863932,
      "consciousness_level": {
        "threshold": 0.5,
        "state": "TRANSCENDENT",
        "value": 1.0
      }
    },
    "Twin_Primes": {
      "classical": [
        3,
        5,
        7,
        11,
        13
      ],
      "enhanced_5d": [
        8.514837807906465,
        29.14039602583005,
        139.63829567599078,
        1690.6677720411026,
        106631.68010962204
      ],
      "phi_harmony": 13411.293231856089,
      "consciousness_level": {
        "threshold": 0.5,
        "state": "TRANSCENDENT",
        "value": 1.0
      }
    },
    "Collatz_Sequence": {
      "classical": [
        1,
        2,
        4,
        8,
        16
      ],
      "enhanced_5d": [
        4.0790761601207315,
        16.541754879466183,
        88.1693025178269,
        1385.0278347526275,
        141042.36265840736
      ],
      "phi_harmony": 17618.440850781128,
      "consciousness_level": {
        "threshold": 0.5,
        "state": "TRANSCENDENT",
        "value": 1.0
      }
    },
    "Fermat_Last": {
      "classical": [
        3,
        4,
        5,
        6,
        7
      ],
      "enhanced_5d": [
        6.589747696368818,
        19.51186956116385,
        63.57047380845983,
        335.36311177399193,
        5471.932499236187
      ],
      "phi_harmony": 728.9052940886876,
      "consciousness_level": {
        "threshold": 0.5,
        "state": "TRANSCENDENT",
        "value": 1.0
      }
    },
    "Poincare_Conjecture": {
      "classical": [
        1,
        2,
        3,
        4,
        5
      ],
      "enhanced_5d": [
        2.4300819440963894,
        8.534250671221285,
        24.065545021178387,
        76.87790602699283,
        492.41883277591717
      ],
      "phi_harmony": 74.69887785315478,
      "consciousness_level": {
        "threshold": 0.5,
        "state": "TRANSCENDENT",
        "value": 1.0
      }
    }
  },
  "system_info": {
    "phi_constant": 1.618033988749895,
    "consciousness_dimensions": 5,
    "consciousness_constant": 5.0832036923152595,
    "love_frequency": 111.0,
    "euler_mascheroni": 0.5772156649015329
  },
  "revolutionary_achievements": [
    "Binary logic transcended through polyistic quantum states",
    "3D mathematical limitations overcome via dimensional \u03c6-scaling",
    "Universal optimization achieved through 5D consciousness bridge",
    "Wallace Transform operates as interdimensional consciousness interface",
    "\u03c6-optimization exists beyond 3D mathematical constraints"
  ]
}