{
  "performance": {
    "throughput_tests": {
      "entropy_calculation": {
        "total_time": 0.08294963836669922,
        "operations": 10000,
        "throughput_ops_sec": 120555.07651272145,
        "avg_latency_ms": 0.008294963836669923,
        "min_latency_ms": 0.00667572021484375,
        "max_latency_ms": 0.10919570922851562,
        "p95_latency_ms": 0.010013580322265625,
        "p99_latency_ms": 0.012874603271484375
      },
      "wallace_transform": {
        "total_time": 0.06343507766723633,
        "operations": 5000,
        "throughput_ops_sec": 78820.7437252411,
        "avg_latency_ms": 0.012687015533447265,
        "min_latency_ms": 0.010728836059570312,
        "max_latency_ms": 0.07700920104980469,
        "p95_latency_ms": 0.015020370483398438,
        "p99_latency_ms": 0.02002716064453125
      }
    },
    "latency_tests": {},
    "parallel_tests": {
      "threads_1": {
        "n_threads": 1,
        "total_time": 0.13355016708374023,
        "total_operations": 100,
        "throughput_ops_sec": 748.7822904579131,
        "avg_latency_ms": 1.3355016708374023,
        "successful_operations": 100,
        "success_rate": 1.0
      },
      "threads_2": {
        "n_threads": 2,
        "total_time": 0.2908196449279785,
        "total_operations": 100,
        "throughput_ops_sec": 343.85572551250795,
        "avg_latency_ms": 2.908196449279785,
        "successful_operations": 100,
        "success_rate": 1.0
      },
      "threads_4": {
        "n_threads": 4,
        "total_time": 0.6281068325042725,
        "total_operations": 100,
        "throughput_ops_sec": 159.2085849493124,
        "avg_latency_ms": 6.281068325042725,
        "successful_operations": 100,
        "success_rate": 1.0
      },
      "threads_8": {
        "n_threads": 8,
        "total_time": 1.1198701858520508,
        "total_operations": 100,
        "throughput_ops_sec": 89.29606418972143,
        "avg_latency_ms": 11.198701858520508,
        "successful_operations": 100,
        "success_rate": 1.0
      }
    },
    "batch_tests": {
      "batch_10": {
        "batch_size": 10,
        "total_time": 0.1342918872833252,
        "total_operations": 100,
        "successful_operations": 100,
        "success_rate": 1.0,
        "throughput_ops_sec": 744.6466203056842,
        "avg_latency_ms": 1.342918872833252
      },
      "batch_50": {
        "batch_size": 50,
        "total_time": 0.12887787818908691,
        "total_operations": 100,
        "successful_operations": 100,
        "success_rate": 1.0,
        "throughput_ops_sec": 775.9283548514206,
        "avg_latency_ms": 1.2887787818908691
      },
      "batch_100": {
        "batch_size": 100,
        "total_time": 0.1335301399230957,
        "total_operations": 100,
        "successful_operations": 100,
        "success_rate": 1.0,
        "throughput_ops_sec": 748.8945945656404,
        "avg_latency_ms": 1.335301399230957
      },
      "batch_500": {
        "batch_size": 500,
        "total_time": 0.6473970413208008,
        "total_operations": 100,
        "successful_operations": 500,
        "success_rate": 5.0,
        "throughput_ops_sec": 154.46471580404952,
        "avg_latency_ms": 6.473970413208008
      },
      "batch_1000": {
        "batch_size": 1000,
        "total_time": 1.31138277053833,
        "total_operations": 100,
        "successful_operations": 1000,
        "success_rate": 10.0,
        "throughput_ops_sec": 76.2553864871577,
        "avg_latency_ms": 13.1138277053833
      }
    }
  },
  "accuracy": {
    "numerical_stability": {
      "total_tests": 100,
      "nan_free_rate": 0.0,
      "norm_preservation_rate": 0.0,
      "avg_norm_1": 0.9999999779462815,
      "avg_norm_2": NaN,
      "avg_norm_3": NaN
    },
    "entropy_consistency": {
      "total_tests": 500,
      "avg_coefficient_of_variation": 0.0,
      "max_coefficient_of_variation": 0.0,
      "consistency_rate": 1.0,
      "nan_free_rate": 1.0
    },
    "transform_effectiveness": {
      "total_tests": 200,
      "successful_transforms": 0,
      "success_rate": 0.0,
      "avg_entropy_reduction": NaN,
      "avg_entropy_reduction_percent": NaN,
      "avg_phase_sync_change": NaN,
      "entropy_reduction_std": NaN,
      "phase_sync_change_std": NaN
    },
    "phase_synchrony_accuracy": {}
  },
  "memory": {
    "memory_usage_patterns": {
      "total_measurements": 50,
      "avg_memory_increase_mb": 0.0,
      "max_memory_increase_mb": 0.0,
      "avg_memory_leak_mb": 0.0,
      "max_memory_leak_mb": 0.0,
      "avg_cleanup_efficiency": 1.0,
      "memory_stability": 0.0
    },
    "memory_efficiency": [
      {
        "batch_size": 10,
        "time_seconds": 0.0005109310150146484,
        "memory_mb": 0.0,
        "ops_per_second": 19572.11385907606,
        "memory_per_op_kb": 0.0,
        "efficiency_score": 19572.11385907606
      },
      {
        "batch_size": 50,
        "time_seconds": 0.001683950424194336,
        "memory_mb": 0.0,
        "ops_per_second": 29692.08551606966,
        "memory_per_op_kb": 0.0,
        "efficiency_score": 29692.08551606966
      },
      {
        "batch_size": 100,
        "time_seconds": 0.0035479068756103516,
        "memory_mb": 0.0,
        "ops_per_second": 28185.632685975404,
        "memory_per_op_kb": 0.0,
        "efficiency_score": 28185.632685975404
      },
      {
        "batch_size": 200,
        "time_seconds": 0.006836891174316406,
        "memory_mb": 0.0,
        "ops_per_second": 29253.061793834564,
        "memory_per_op_kb": 0.0,
        "efficiency_score": 29253.061793834564
      }
    ],
    "memory_leaks": {},
    "garbage_collection": {}
  },
  "scaling": {
    "dimensionality_scaling": [
      {
        "dimensions": 7,
        "time_seconds": 0.003445148468017578,
        "memory_mb": 0.0,
        "ops_per_second": 58052.65051903114,
        "memory_per_op_kb": 0.0,
        "complexity_ratio": 0.3333333333333333,
        "performance_efficiency": 8293.235788433021,
        "memory_efficiency": 0.0
      },
      {
        "dimensions": 13,
        "time_seconds": 0.003307819366455078,
        "memory_mb": 0.0,
        "ops_per_second": 60462.79371486233,
        "memory_per_op_kb": 0.0,
        "complexity_ratio": 0.6190476190476191,
        "performance_efficiency": 4650.984131912487,
        "memory_efficiency": 0.0
      },
      {
        "dimensions": 21,
        "time_seconds": 0.0039098262786865234,
        "memory_mb": 0.0,
        "ops_per_second": 51153.16787609,
        "memory_per_op_kb": 0.0,
        "complexity_ratio": 1.0,
        "performance_efficiency": 2435.865136956667,
        "memory_efficiency": 0.0
      },
      {
        "dimensions": 34,
        "time_seconds": 0.0034339427947998047,
        "memory_mb": 0.0,
        "ops_per_second": 58242.08845379435,
        "memory_per_op_kb": 0.0,
        "complexity_ratio": 1.619047619047619,
        "performance_efficiency": 1713.0026015821868,
        "memory_efficiency": 0.0
      },
      {
        "dimensions": 55,
        "time_seconds": 0.0036306381225585938,
        "memory_mb": 0.0,
        "ops_per_second": 55086.73496191227,
        "memory_per_op_kb": 0.0,
        "complexity_ratio": 2.619047619047619,
        "performance_efficiency": 1001.5769993074958,
        "memory_efficiency": 0.0
      },
      {
        "dimensions": 89,
        "time_seconds": 0.004106044769287109,
        "memory_mb": 0.0,
        "ops_per_second": 48708.67495064453,
        "memory_per_op_kb": 0.0,
        "complexity_ratio": 4.238095238095238,
        "performance_efficiency": 547.2884825915115,
        "memory_efficiency": 0.0
      }
    ],
    "performance_vs_dimension": [],
    "memory_vs_dimension": []
  },
  "gpu": {
    "status": "skipped",
    "reason": "No GPU available"
  },
  "stress": {
    "long_running_stability": {
      "total_iterations": 1000,
      "successful_iterations": 1000,
      "success_rate": 1.0,