{
  "performance": {
    "throughput_tests": {
      "entropy_calculation": {
        "total_time": 0.08886528015136719,
        "operations": 10000,
        "throughput_ops_sec": 112529.88774656049,
        "avg_latency_ms": 0.008886528015136718,
        "min_latency_ms": 0.00667572021484375,
        "max_latency_ms": 3.525257110595703,
        "p95_latency_ms": 0.010251998901367188,
        "p99_latency_ms": 0.012159347534179688
      },
      "wallace_transform": {
        "total_time": 0.06530261039733887,
        "operations": 5000,
        "throughput_ops_sec": 76566.6176218241,
        "avg_latency_ms": 0.013060522079467774,
        "min_latency_ms": 0.010728836059570312,
        "max_latency_ms": 0.05793571472167969,
        "p95_latency_ms": 0.015974044799804688,
        "p99_latency_ms": 0.019073486328125
      }
    },
    "latency_tests": {},
    "parallel_tests": {
      "threads_1": {
        "n_threads": 1,
        "total_time": 0.13032793998718262,
        "total_operations": 100,
        "throughput_ops_sec": 767.2951786841311,
        "avg_latency_ms": 1.3032793998718262,
        "successful_operations": 100,
        "success_rate": 1.0
      },
      "threads_2": {
        "n_threads": 2,
        "total_time": 0.28898000717163086,
        "total_operations": 100,
        "throughput_ops_sec": 346.0447003885914,
        "avg_latency_ms": 2.8898000717163086,
        "successful_operations": 100,
        "success_rate": 1.0
      },
      "threads_4": {
        "n_threads": 4,
        "total_time": 0.6380481719970703,
        "total_operations": 100,
        "throughput_ops_sec": 156.72797821362485,
        "avg_latency_ms": 6.380481719970703,
        "successful_operations": 100,
        "success_rate": 1.0
      },
      "threads_8": {
        "n_threads": 8,
        "total_time": 1.137376070022583,
        "total_operations": 100,
        "throughput_ops_sec": 87.92166692764555,
        "avg_latency_ms": 11.37376070022583,
        "successful_operations": 100,
        "success_rate": 1.0
      }
    },
    "batch_tests": {
      "batch_10": {
        "batch_size": 10,
        "total_time": 0.13283801078796387,
        "total_operations": 100,
        "successful_operations": 100,
        "success_rate": 1.0,
        "throughput_ops_sec": 752.796578380115,
        "avg_latency_ms": 1.3283801078796387
      },
      "batch_50": {
        "batch_size": 50,
        "total_time": 0.13175487518310547,
        "total_operations": 100,
        "successful_operations": 100,
        "success_rate": 1.0,
        "throughput_ops_sec": 758.9851977850965,
        "avg_latency_ms": 1.3175487518310547
      },
      "batch_100": {
        "batch_size": 100,
        "total_time": 0.13035988807678223,
        "total_operations": 100,
        "successful_operations": 100,
        "success_rate": 1.0,
        "throughput_ops_sec": 767.1071329940066,
        "avg_latency_ms": 1.3035988807678223
      },
      "batch_500": {
        "batch_size": 500,
        "total_time": 0.6657071113586426,
        "total_operations": 100,
        "successful_operations": 500,
        "success_rate": 5.0,
        "throughput_ops_sec": 150.21621114413193,
        "avg_latency_ms": 6.657071113586426
      },
      "batch_1000": {
        "batch_size": 1000,
        "total_time": 1.3282759189605713,
        "total_operations": 100,
        "successful_operations": 1000,
        "success_rate": 10.0,
        "throughput_ops_sec": 75.28556271520301,
        "avg_latency_ms": 13.282759189605713
      }
    }
  },
  "accuracy": {
    "numerical_stability": {
      "total_tests": 100,
      "nan_free_rate": 0.0,
      "norm_preservation_rate": 0.0,
      "avg_norm_1": 0.9999999785423279,
      "avg_norm_2": NaN,
      "avg_norm_3": NaN
    },
    "entropy_consistency": {
      "total_tests": 500,
      "avg_coefficient_of_variation": 0.0,
      "max_coefficient_of_variation": 0.0,
      "consistency_rate": 1.0,
      "nan_free_rate": 1.0
    },
    "transform_effectiveness": {
      "total_tests": 200,
      "successful_transforms": 0,
      "success_rate": 0.0,
      "avg_entropy_reduction": NaN,
      "avg_entropy_reduction_percent": NaN,
      "avg_phase_sync_change": NaN,
      "entropy_reduction_std": NaN,
      "phase_sync_change_std": NaN
    },
    "phase_synchrony_accuracy": {}
  },
  "memory": {
    "memory_usage_patterns": {
      "total_measurements": 50,
      "avg_memory_increase_mb": 0.0,
      "max_memory_increase_mb": 0.0,
      "avg_memory_leak_mb": 0.0,
      "max_memory_leak_mb": 0.0,
      "avg_cleanup_efficiency": 1.0,
      "memory_stability": 0.0
    },
    "memory_efficiency": [
      {
        "batch_size": 10,
        "time_seconds": 0.00043392181396484375,
        "memory_mb": 0.0,
        "ops_per_second": 23045.626373626375,
        "memory_per_op_kb": 0.0,
        "efficiency_score": 23045.626373626375
      },
      {
        "batch_size": 50,
        "time_seconds": 0.0016639232635498047,
        "memory_mb": 0.0,
        "ops_per_second": 30049.462673735492,
        "memory_per_op_kb": 0.0,
        "efficiency_score": 30049.462673735492
      },
      {
        "batch_size": 100,
        "time_seconds": 0.003633260726928711,
        "memory_mb": 0.0,
        "ops_per_second": 27523.48579303104,
        "memory_per_op_kb": 0.0,
        "efficiency_score": 27523.48579303104
      },
      {
        "batch_size": 200,
        "time_seconds": 0.0072786808013916016,
        "memory_mb": 0.0,
        "ops_per_second": 27477.50663303744,
        "memory_per_op_kb": 0.0,
        "efficiency_score": 27477.50663303744
      }
    ],
    "memory_leaks": {},
    "garbage_collection": {}
  },
  "scaling": {
    "dimensionality_scaling": [
      {
        "dimensions": 7,
        "time_seconds": 0.0035271644592285156,
        "memory_mb": 0.0,
        "ops_per_second": 56702.7713938083,
        "memory_per_op_kb": 0.0,
        "complexity_ratio": 0.3333333333333333,
        "performance_efficiency": 8100.395913401187,
        "memory_efficiency": 0.0
      },
      {
        "dimensions": 13,
        "time_seconds": 0.003607034683227539,
        "memory_mb": 0.0,
        "ops_per_second": 55447.207350122284,
        "memory_per_op_kb": 0.0,
        "complexity_ratio": 0.6190476190476191,
        "performance_efficiency": 4265.169796163253,
        "memory_efficiency": 0.0
      },
      {
        "dimensions": 21,
        "time_seconds": 0.003920078277587891,
        "memory_mb": 0.0,
        "ops_per_second": 51019.38936868994,
        "memory_per_op_kb": 0.0,
        "complexity_ratio": 1.0,
        "performance_efficiency": 2429.494731842378,
        "memory_efficiency": 0.0
      },
      {
        "dimensions": 34,
        "time_seconds": 0.003826141357421875,
        "memory_mb": 0.0,
        "ops_per_second": 52271.98404785643,
        "memory_per_op_kb": 0.0,
        "complexity_ratio": 1.619047619047619,
        "performance_efficiency": 1537.4112955251892,
        "memory_efficiency": 0.0
      },
      {
        "dimensions": 55,
        "time_seconds": 0.0037078857421875,
        "memory_mb": 0.0,
        "ops_per_second": 53939.09465020576,
        "memory_per_op_kb": 0.0,
        "complexity_ratio": 2.619047619047619,
        "performance_efficiency": 980.710811821923,
        "memory_efficiency": 0.0
      },
      {
        "dimensions": 89,
        "time_seconds": 0.0037698745727539062,
        "memory_mb": 0.0,
        "ops_per_second": 53052.16291424235,
        "memory_per_op_kb": 0.0,
        "complexity_ratio": 4.238095238095238,
        "performance_efficiency": 596.0917181375545,
        "memory_efficiency": 0.0
      }
    ],
    "performance_vs_dimension": [],
    "memory_vs_dimension": []
  },
  "gpu": {
    "status": "skipped",
    "reason": "No GPU available"
  },
  "stress": {
    "long_running_stability": {
      "total_iterations": 1000,
      "successful_iterations": 1000,
      "success_rate": 1.0,