{
  "performance": {
    "throughput_tests": {
      "entropy_calculation": {
        "total_time": 0.08353114128112793,
        "operations": 10000,
        "throughput_ops_sec": 119715.83108561316,
        "avg_latency_ms": 0.008353114128112793,
        "min_latency_ms": 0.0069141387939453125,
        "max_latency_ms": 0.10418891906738281,
        "p95_latency_ms": 0.010013580322265625,
        "p99_latency_ms": 0.011205673217773438
      },
      "wallace_transform": {
        "total_time": 0.06459236145019531,
        "operations": 5000,
        "throughput_ops_sec": 77408.53388454157,
        "avg_latency_ms": 0.012918472290039062,
        "min_latency_ms": 0.010967254638671875,
        "max_latency_ms": 0.12922286987304688,
        "p95_latency_ms": 0.014781951904296875,
        "p99_latency_ms": 0.0171661376953125
      }
    },
    "latency_tests": {},
    "parallel_tests": {
      "threads_1": {
        "n_threads": 1,
        "total_time": 0.12894511222839355,
        "total_operations": 100,
        "throughput_ops_sec": 775.5237734244271,
        "avg_latency_ms": 1.2894511222839355,
        "successful_operations": 100,
        "success_rate": 1.0
      },
      "threads_2": {
        "n_threads": 2,
        "total_time": 0.28250598907470703,
        "total_operations": 100,
        "throughput_ops_sec": 353.9747965256609,
        "avg_latency_ms": 2.8250598907470703,
        "successful_operations": 100,
        "success_rate": 1.0
      },
      "threads_4": {
        "n_threads": 4,
        "total_time": 0.6381361484527588,
        "total_operations": 100,
        "throughput_ops_sec": 156.706370956202,
        "avg_latency_ms": 6.381361484527588,
        "successful_operations": 100,
        "success_rate": 1.0
      },
      "threads_8": {
        "n_threads": 8,
        "total_time": 1.133418083190918,
        "total_operations": 100,
        "throughput_ops_sec": 88.22869643871348,
        "avg_latency_ms": 11.33418083190918,
        "successful_operations": 100,
        "success_rate": 1.0
      }
    },
    "batch_tests": {
      "batch_10": {
        "batch_size": 10,
        "total_time": 0.12773609161376953,
        "total_operations": 100,
        "successful_operations": 100,
        "success_rate": 1.0,
        "throughput_ops_sec": 782.8640968784763,
        "avg_latency_ms": 1.2773609161376953
      },
      "batch_50": {
        "batch_size": 50,
        "total_time": 0.12707996368408203,
        "total_operations": 100,
        "successful_operations": 100,
        "success_rate": 1.0,
        "throughput_ops_sec": 786.9061109318365,
        "avg_latency_ms": 1.2707996368408203
      },
      "batch_100": {
        "batch_size": 100,
        "total_time": 0.1303410530090332,
        "total_operations": 100,
        "successful_operations": 100,
        "success_rate": 1.0,
        "throughput_ops_sec": 767.2179845982183,
        "avg_latency_ms": 1.303410530090332
      },
      "batch_500": {
        "batch_size": 500,
        "total_time": 0.6543889045715332,
        "total_operations": 100,
        "successful_operations": 500,
        "success_rate": 5.0,
        "throughput_ops_sec": 152.8143269260897,
        "avg_latency_ms": 6.543889045715332
      },
      "batch_1000": {
        "batch_size": 1000,
        "total_time": 1.324479103088379,
        "total_operations": 100,
        "successful_operations": 1000,
        "success_rate": 10.0,
        "throughput_ops_sec": 75.50137995142629,
        "avg_latency_ms": 13.244791030883789
      }
    }
  },
  "accuracy": {
    "numerical_stability": {
      "total_tests": 100,
      "nan_free_rate": 0.0,
      "norm_preservation_rate": 0.0,
      "avg_norm_1": 0.9999999773502349,
      "avg_norm_2": NaN,
      "avg_norm_3": NaN
    },
    "entropy_consistency": {
      "total_tests": 500,
      "avg_coefficient_of_variation": 0.0,
      "max_coefficient_of_variation": 0.0,
      "consistency_rate": 1.0,
      "nan_free_rate": 1.0
    },
    "transform_effectiveness": {
      "total_tests": 200,
      "successful_transforms": 0,
      "success_rate": 0.0,
      "avg_entropy_reduction": NaN,
      "avg_entropy_reduction_percent": NaN,
      "avg_phase_sync_change": NaN,
      "entropy_reduction_std": NaN,
      "phase_sync_change_std": NaN
    },
    "phase_synchrony_accuracy": {}
  },
  "memory": {
    "memory_usage_patterns": {
      "total_measurements": 50,
      "avg_memory_increase_mb": 0.0,
      "max_memory_increase_mb": 0.0,
      "avg_memory_leak_mb": 0.0,
      "max_memory_leak_mb": 0.0,
      "avg_cleanup_efficiency": 1.0,
      "memory_stability": 0.0
    },
    "memory_efficiency": [
      {
        "batch_size": 10,
        "time_seconds": 0.0005249977111816406,
        "memory_mb": 0.0,
        "ops_per_second": 19047.702089009992,
        "memory_per_op_kb": 0.0,
        "efficiency_score": 19047.702089009992
      },
      {
        "batch_size": 50,
        "time_seconds": 0.0017468929290771484,
        "memory_mb": 0.0,
        "ops_per_second": 28622.2464856012,
        "memory_per_op_kb": 0.0,
        "efficiency_score": 28622.2464856012
      },
      {
        "batch_size": 100,
        "time_seconds": 0.003860950469970703,
        "memory_mb": 0.0,
        "ops_per_second": 25900.358157342227,
        "memory_per_op_kb": 0.0,
        "efficiency_score": 25900.358157342227
      },
      {
        "batch_size": 200,
        "time_seconds": 0.007447719573974609,
        "memory_mb": 0.0,
        "ops_per_second": 26853.857481272807,
        "memory_per_op_kb": 0.0,
        "efficiency_score": 26853.857481272807
      }
    ],
    "memory_leaks": {},
    "garbage_collection": {}
  },
  "scaling": {
    "dimensionality_scaling": [
      {
        "dimensions": 7,
        "time_seconds": 0.0037491321563720703,
        "memory_mb": 0.0,
        "ops_per_second": 53345.67885532592,
        "memory_per_op_kb": 0.0,
        "complexity_ratio": 0.3333333333333333,
        "performance_efficiency": 7620.81126504656,
        "memory_efficiency": 0.0
      },
      {
        "dimensions": 13,
        "time_seconds": 0.003422975540161133,
        "memory_mb": 0.0,
        "ops_per_second": 58428.696802953265,
        "memory_per_op_kb": 0.0,
        "complexity_ratio": 0.6190476190476191,
        "performance_efficiency": 4494.515138688713,
        "memory_efficiency": 0.0
      },
      {
        "dimensions": 21,
        "time_seconds": 0.003412961959838867,
        "memory_mb": 0.0,
        "ops_per_second": 58600.12574222843,
        "memory_per_op_kb": 0.0,
        "complexity_ratio": 1.0,
        "performance_efficiency": 2790.482178201354,
        "memory_efficiency": 0.0
      },
      {
        "dimensions": 34,
        "time_seconds": 0.0036079883575439453,
        "memory_mb": 0.0,
        "ops_per_second": 55432.55137778365,
        "memory_per_op_kb": 0.0,
        "complexity_ratio": 1.619047619047619,
        "performance_efficiency": 1630.3691581701075,
        "memory_efficiency": 0.0
      },
      {
        "dimensions": 55,
        "time_seconds": 0.003631114959716797,
        "memory_mb": 0.0,
        "ops_per_second": 55079.50098489823,
        "memory_per_op_kb": 0.0,
        "complexity_ratio": 2.619047619047619,
        "performance_efficiency": 1001.4454724526951,
        "memory_efficiency": 0.0
      },
      {
        "dimensions": 89,
        "time_seconds": 0.004127025604248047,
        "memory_mb": 0.0,
        "ops_per_second": 48461.05141536684,
        "memory_per_op_kb": 0.0,
        "complexity_ratio": 4.238095238095238,
        "performance_efficiency": 544.5061956782791,
        "memory_efficiency": 0.0
      }
    ],
    "performance_vs_dimension": [],
    "memory_vs_dimension": []
  },
  "gpu": {
    "status": "skipped",
    "reason": "No GPU available"
  },
  "stress": {
    "long_running_stability": {
      "total_iterations": 1000,
      "successful_iterations": 1000,
      "success_rate": 1.0,