{
  "performance": {
    "throughput_tests": {
      "entropy_calculation": {
        "total_time": 0.08353376388549805,
        "operations": 10000,
        "throughput_ops_sec": 119712.07251845213,
        "avg_latency_ms": 0.008353376388549804,
        "min_latency_ms": 0.00667572021484375,
        "max_latency_ms": 0.10132789611816406,
        "p95_latency_ms": 0.010013580322265625,
        "p99_latency_ms": 0.013828277587890625
      },
      "wallace_transform": {
        "total_time": 0.06441068649291992,
        "operations": 5000,
        "throughput_ops_sec": 77626.87020188186,
        "avg_latency_ms": 0.012882137298583984,
        "min_latency_ms": 0.010728836059570312,
        "max_latency_ms": 0.06508827209472656,
        "p95_latency_ms": 0.0152587890625,
        "p99_latency_ms": 0.019075870513916068
      }
    },
    "latency_tests": {},
    "parallel_tests": {
      "threads_1": {
        "n_threads": 1,
        "total_time": 0.13556504249572754,
        "total_operations": 100,
        "throughput_ops_sec": 737.6532929066252,
        "avg_latency_ms": 1.3556504249572754,
        "successful_operations": 100,
        "success_rate": 1.0
      },
      "threads_2": {
        "n_threads": 2,
        "total_time": 0.29196786880493164,
        "total_operations": 100,
        "throughput_ops_sec": 342.50344193460404,
        "avg_latency_ms": 2.9196786880493164,
        "successful_operations": 100,
        "success_rate": 1.0
      },
      "threads_4": {
        "n_threads": 4,
        "total_time": 0.6394309997558594,
        "total_operations": 100,
        "throughput_ops_sec": 156.3890396902573,
        "avg_latency_ms": 6.394309997558594,
        "successful_operations": 100,
        "success_rate": 1.0
      },
      "threads_8": {
        "n_threads": 8,
        "total_time": 1.1236650943756104,
        "total_operations": 100,
        "throughput_ops_sec": 88.99448821587471,
        "avg_latency_ms": 11.236650943756104,
        "successful_operations": 100,
        "success_rate": 1.0
      }
    },
    "batch_tests": {
      "batch_10": {
        "batch_size": 10,
        "total_time": 0.1307849884033203,
        "total_operations": 100,
        "successful_operations": 100,
        "success_rate": 1.0,
        "throughput_ops_sec": 764.6137467368636,
        "avg_latency_ms": 1.3078498840332031
      },
      "batch_50": {
        "batch_size": 50,
        "total_time": 0.12397575378417969,
        "total_operations": 100,
        "successful_operations": 100,
        "success_rate": 1.0,
        "throughput_ops_sec": 806.6093324512685,
        "avg_latency_ms": 1.2397575378417969
      },
      "batch_100": {
        "batch_size": 100,
        "total_time": 0.12506413459777832,
        "total_operations": 100,
        "successful_operations": 100,
        "success_rate": 1.0,
        "throughput_ops_sec": 799.5897490644487,
        "avg_latency_ms": 1.2506413459777832
      },
      "batch_500": {
        "batch_size": 500,
        "total_time": 0.6351120471954346,
        "total_operations": 100,
        "successful_operations": 500,
        "success_rate": 5.0,
        "throughput_ops_sec": 157.45253210293512,
        "avg_latency_ms": 6.351120471954346
      },
      "batch_1000": {
        "batch_size": 1000,
        "total_time": 1.274507761001587,
        "total_operations": 100,
        "successful_operations": 1000,
        "success_rate": 10.0,
        "throughput_ops_sec": 78.46166422824591,
        "avg_latency_ms": 12.74507761001587
      }
    }
  },
  "accuracy": {
    "numerical_stability": {
      "total_tests": 100,
      "nan_free_rate": 0.0,
      "norm_preservation_rate": 0.0,
      "avg_norm_1": 0.9999999725818634,
      "avg_norm_2": NaN,
      "avg_norm_3": NaN
    },
    "entropy_consistency": {
      "total_tests": 500,
      "avg_coefficient_of_variation": 0.0,
      "max_coefficient_of_variation": 0.0,
      "consistency_rate": 1.0,
      "nan_free_rate": 1.0
    },
    "transform_effectiveness": {
      "total_tests": 200,
      "successful_transforms": 0,
      "success_rate": 0.0,
      "avg_entropy_reduction": NaN,
      "avg_entropy_reduction_percent": NaN,
      "avg_phase_sync_change": NaN,
      "entropy_reduction_std": NaN,
      "phase_sync_change_std": NaN
    },
    "phase_synchrony_accuracy": {}
  },
  "memory": {
    "memory_usage_patterns": {
      "total_measurements": 50,
      "avg_memory_increase_mb": 0.0,
      "max_memory_increase_mb": 0.0,
      "avg_memory_leak_mb": 0.0,
      "max_memory_leak_mb": 0.0,
      "avg_cleanup_efficiency": 1.0,
      "memory_stability": 0.0
    },
    "memory_efficiency": [
      {
        "batch_size": 10,
        "time_seconds": 0.0004990100860595703,
        "memory_mb": 0.0,
        "ops_per_second": 20039.675107501196,
        "memory_per_op_kb": 0.0,
        "efficiency_score": 20039.675107501196
      },
      {
        "batch_size": 50,
        "time_seconds": 0.0019578933715820312,
        "memory_mb": 0.0,
        "ops_per_second": 25537.652216268874,
        "memory_per_op_kb": 0.0,
        "efficiency_score": 25537.652216268874
      },
      {
        "batch_size": 100,
        "time_seconds": 0.003662109375,
        "memory_mb": 0.0,
        "ops_per_second": 27306.666666666668,
        "memory_per_op_kb": 0.0,
        "efficiency_score": 27306.666666666668
      },
      {
        "batch_size": 200,
        "time_seconds": 0.007609128952026367,
        "memory_mb": 0.0,
        "ops_per_second": 26284.217452608493,
        "memory_per_op_kb": 0.0,
        "efficiency_score": 26284.217452608493
      }
    ],
    "memory_leaks": {},
    "garbage_collection": {}
  },
  "scaling": {
    "dimensionality_scaling": [
      {
        "dimensions": 7,
        "time_seconds": 0.003704071044921875,
        "memory_mb": 0.0,
        "ops_per_second": 53994.6446961895,
        "memory_per_op_kb": 0.0,
        "complexity_ratio": 0.3333333333333333,
        "performance_efficiency": 7713.520670884214,
        "memory_efficiency": 0.0
      },
      {
        "dimensions": 13,
        "time_seconds": 0.003787994384765625,
        "memory_mb": 0.0,
        "ops_per_second": 52798.38872104733,
        "memory_per_op_kb": 0.0,
        "complexity_ratio": 0.6190476190476191,
        "performance_efficiency": 4061.414517003641,
        "memory_efficiency": 0.0
      },
      {
        "dimensions": 21,
        "time_seconds": 0.003670930862426758,
        "memory_mb": 0.0,
        "ops_per_second": 54482.09391439891,
        "memory_per_op_kb": 0.0,
        "complexity_ratio": 1.0,
        "performance_efficiency": 2594.3854244951863,
        "memory_efficiency": 0.0
      },
      {
        "dimensions": 34,
        "time_seconds": 0.003519296646118164,
        "memory_mb": 0.0,
        "ops_per_second": 56829.537294221256,
        "memory_per_op_kb": 0.0,
        "complexity_ratio": 1.619047619047619,
        "performance_efficiency": 1671.4569792418017,
        "memory_efficiency": 0.0
      },
      {
        "dimensions": 55,
        "time_seconds": 0.0036039352416992188,
        "memory_mb": 0.0,
        "ops_per_second": 55494.89282879068,
        "memory_per_op_kb": 0.0,
        "complexity_ratio": 2.619047619047619,
        "performance_efficiency": 1008.9980514325579,
        "memory_efficiency": 0.0
      },
      {
        "dimensions": 89,
        "time_seconds": 0.0037450790405273438,
        "memory_mb": 0.0,
        "ops_per_second": 53403.41227400051,
        "memory_per_op_kb": 0.0,
        "complexity_ratio": 4.238095238095238,
        "performance_efficiency": 600.0383401573091,
        "memory_efficiency": 0.0
      }
    ],
    "performance_vs_dimension": [],
    "memory_vs_dimension": []
  },
  "gpu": {
    "status": "skipped",
    "reason": "No GPU available"
  },
  "stress": {
    "long_running_stability": {
      "total_iterations": 1000,
      "successful_iterations": 1000,
      "success_rate": 1.0,