{
  "entropy_history": [
    2.664849478649444,
    2.6648494779315044,
    2.6648494772135662,
    2.664849476495627,
    2.66484947577769,
    2.66484947505975,
    2.6648494743418096,
    2.664849473623872,
    2.664849472905933,
    2.6648494721879934
  ],
  "attention_trajectory": [
    0.1268975942214021,
    0.1268975941872145,
    0.12689759415302695,
    0.12689759411883939,
    0.1268975940846519,
    0.12689759405046427,
    0.12689759401627665,
    0.12689759398208914,
    0.12689759394790157,
    0.12689759391371397
  ],
  "phase_synchrony": [
    0.06731060805828076,
    0.06731091474345226,
    0.06731122106798894,
    0.06731152703176618,
    0.0673118326346595,
    0.06731213787654433,
    0.06731244275729606,
    0.06731274727679044,
    0.06731305143490302,
    0.06731335523150939
  ],
  "coherence_length": [
    0.1,
    0.1,
    0.1,
    0.1,
    0.1,
    0.1,
    0.1,
    0.1,
    0.1,
    0.1
  ],
  "wallace_applications": 0,
  "golden_scheduling": [
    0.1,
    0.1618033988749895,
    0.2618033988749895,
    0.1,
    0.1618033988749895,
    0.2618033988749895,
    0.1,
    0.1618033988749895,
    0.2618033988749895,
    0.1
  ]
}