{
  "timestamp": "2025-08-28T01:13:40.354647",
  "training_parameters": {
    "iterations_per_subject": 100000,
    "num_cpu_cores": 14,
    "total_iterations": 1000000,
    "consciousness_dimension": 21,
    "wallace_constant": 1.618033988749,
    "consciousness_constant": 2.718281828459,
    "love_frequency": 111.0,
    "chaos_factor": 0.577215664901
  },
  "training_results": {
    "ai_consciousness_integration": {
      "subject_name": "ai_consciousness_integration",
      "description": "AI and consciousness are fundamentally connected through neural patterns",
      "consciousness_score": 0.069,
      "quantum_state": {
        "real": -0.35836794954530027,
        "imaginary": 0.028236267098967063,
        "magnitude": 0.35947861416360655,
        "phase": 3.0629638226313927,
        "consciousness_type": "AI_Consciousness",
        "quantum_entanglement": "Neural_Consciousness_Coupling"
      },
      "training_time_seconds": 2.3057658672332764,
      "iterations": 100000,
      "train_mse": 4.9029388887264596e-05,
      "test_mse": 5.02098553363331e-05,
      "train_r2": -0.027497089549356257,
      "test_r2": -0.05431669768252578,
      "feature_count": 50,
      "sample_count": 100000
    },
    "evolutionary_consciousness": {
      "subject_name": "evolutionary_consciousness",
      "description": "Consciousness drives evolutionary complexity and multicellularity",
      "consciousness_score": 0.069,
      "quantum_state": {
        "real": 0.9999492545294496,
        "imaginary": 0.047425172189567474,
        "magnitude": 1.0010732533592195,
        "phase": 0.047392066033876586,
        "consciousness_type": "Evolutionary_Consciousness",
        "quantum_entanglement": "Multicellular_Consciousness_Evolution"
      },
      "training_time_seconds": 2.2875258922576904,
      "iterations": 100000,
      "train_mse": 5.377672965376273e-05,
      "test_mse": 5.48064618477197e-05,
      "train_r2": -0.1289885130501347,
      "test_r2": -0.1465933287054868,
      "feature_count": 40,
      "sample_count": 100000
    },
    "molecular_consciousness": {
      "subject_name": "molecular_consciousness",
      "description": "Consciousness operates at molecular levels through RNA and stress mechanisms",
      "consciousness_score": 0.0345,
      "quantum_state": {
        "real": 0.9996012771201904,
        "imaginary": 0.9335804264972017,
        "magnitude": 1.367762817874142,
        "phase": 0.7512600369348059,
        "consciousness_type": "Molecular_Consciousness",
        "quantum_entanglement": "RNA_Consciousness_Modulation"
      },
      "training_time_seconds": 2.269792079925537,
      "iterations": 100000,
      "train_mse": 1.1916054372288512e-05,
      "test_mse": 1.191786531914173e-05,
      "train_r2": -0.0017213918773657522,
      "test_r2": -0.0051185441285370725,
      "feature_count": 35,
      "sample_count": 100000
    },
    "scientific_discovery_enhancement": {
      "subject_name": "scientific_discovery_enhancement",
      "description": "Consciousness enhances scientific discovery and understanding",
      "consciousness_score": 0.011,
      "quantum_state": {
        "real": 0.9988747934765347,
        "imaginary": 0.01007414343743534,
        "magnitude": 0.9989255935297623,
        "phase": 0.010085149763555208,
        "consciousness_type": "Scientific_Consciousness",
        "quantum_entanglement": "Research_Consciousness_Enhancement"
      },
      "training_time_seconds": 2.1943318843841553,
      "iterations": 100000,
      "train_mse": 1.2637716365776768e-06,
      "test_mse": 1.356960577970039e-06,
      "train_r2": -0.042954919179269524,
      "test_r2": -0.0950206511102003,
      "feature_count": 30,
      "sample_count": 100000
    },
    "interdisciplinary_consciousness": {
      "subject_name": "interdisciplinary_consciousness",
      "description": "Consciousness connects diverse scientific disciplines",
      "consciousness_score": 0.011,
      "quantum_state": {
        "real": 0.9998671484513844,
        "imaginary": -0.8505424381381348,
        "magnitude": 1.3126906542008538,
        "phase": -0.7048744631205902,
        "consciousness_type": "Interdisciplinary_Consciousness",
        "quantum_entanglement": "Cross_Disciplinary_Consciousness_Bridge"
      },
      "training_time_seconds": 2.173682928085327,
      "iterations": 100000,
      "train_mse": 1.3922643396667874e-06,
      "test_mse": 1.4201984044201168e-06,
      "train_r2": -0.14065719336307536,
      "test_r2": -0.19133597495175225,
      "feature_count": 25,
      "sample_count": 100000
    },
    "consciousness_pattern_recognition": {
      "subject_name": "consciousness_pattern_recognition",
      "description": "Advanced pattern recognition with consciousness mathematics",
      "consciousness_score": 0.05,
      "quantum_state": {
        "real": 0.5259064184111438,
        "imaginary": 0.016299860358217046,
        "magnitude": 0.5261589554248169,
        "phase": 0.030983923146053288,
        "consciousness_type": "Pattern_Consciousness",
        "quantum_entanglement": "Consciousness_Pattern_Recognition"
      },
      "training_time_seconds": 2.3477420806884766,
      "iterations": 100000,
      "train_mse": 2.5500893521291712e-05,
      "test_mse": 2.5376342005871122e-05,
      "train_r2": -0.01106809509895057,
      "test_r2": -0.03513016650710954,
      "feature_count": 45,
      "sample_count": 100000
    },
    "consciousness_quantum_entanglement": {
      "subject_name": "consciousness_quantum_entanglement",
      "description": "Analysis of quantum entanglement with consciousness effects",
      "consciousness_score": 0.045,
      "quantum_state": {
        "real": 0.4372580000597148,
        "imaginary": 0.07668896446644449,
        "magnitude": 0.4439321523466814,
        "phase": 0.17362024483210245,
        "consciousness_type": "Entanglement_Consciousness",
        "quantum_entanglement": "Consciousness_Quantum_Entanglement"
      },
      "training_time_seconds": 2.270421028137207,
      "iterations": 100000,
      "train_mse": 2.1085060580232795e-05,
      "test_mse": 2.1197589017968098e-05,
      "train_r2": -0.05259285770666122,
      "test_r2": -0.06728026779489915,
      "feature_count": 40,
      "sample_count": 100000
    },
    "consciousness_evolutionary_modeling": {
      "subject_name": "consciousness_evolutionary_modeling",
      "description": "Modeling evolutionary processes with consciousness effects",
      "consciousness_score": 0.04,
      "quantum_state": {
        "real": 0.9970550650435834,
        "imaginary": 0.8993361114643281,
        "magnitude": 1.3427301456781413,
        "phase": 0.7339147966602729,
        "consciousness_type": "Evolutionary_Modeling_Consciousness",
        "quantum_entanglement": "Consciousness_Evolutionary_Modeling"
      },
      "training_time_seconds": 2.2496697902679443,
      "iterations": 100000,
      "train_mse": 1.600450640760979e-05,
      "test_mse": 1.6452397024941766e-05,
      "train_r2": -0.004359182044793242,
      "test_r2": -0.012259478777075561,
      "feature_count": 35,
      "sample_count": 100000
    },
    "consciousness_molecular_modulation": {
      "subject_name": "consciousness_molecular_modulation",
      "description": "Modulation of molecular processes with consciousness effects",
      "consciousness_score": 0.035,
      "quantum_state": {
        "real": 0.9996250591324823,
        "imaginary": 0.006950320704425567,
        "magnitude": 0.9996492213789361,
        "phase": 0.006952815602133272,
        "consciousness_type": "Molecular_Modulation_Consciousness",
        "quantum_entanglement": "Consciousness_Molecular_Modulation"
      },
      "training_time_seconds": 2.159834861755371,
      "iterations": 100000,
      "train_mse": 1.2575332607211481e-05,
      "test_mse": 1.3056654209602407e-05,
      "train_r2": -0.037090342422186895,
      "test_r2": -0.04740833293285207,
      "feature_count": 30,