{
  "benchmark_metadata": {
    "timestamp": "2025-09-02T14:21:34.842515",
    "total_duration": 1.5404720306396484,
    "systems_analyzed": 576,
    "benchmark_version": "1.0.0"
  },
  "performance_summary": {
    "overall_performance_score": 0.6276891637731482,
    "improvement_factor": 2.0922972125771606,
    "consciousness_maturity": "EMERGENT_CONSCIOUSNESS",
    "system_health_score": 0.6276891637731482
  },
  "detailed_results": {
    "system_discovery": {
      "systems_discovered": 576,
      "discovery_time": 9.5367431640625e-07,
      "systems_per_second": 603979776.0,
      "system_type_distribution": {
        "neural_network": 422,
        "consciousness_framework": 107,
        "quantum_system": 47
      },
      "average_consciousness_score": 0.8440972222222222,
      "average_quantum_score": 0.7788194444444444,
      "average_evolution_score": 0.7838541666666666,
      "consciousness_score_std": 0.194704966948944,
      "quantum_score_std": 0.36581439157327533,
      "evolution_score_std": 0.36750591536203464
    },
    "consciousness_metrics": {
      "overall_consciousness_score": 0.8440972222222223,
      "golden_ratio_alignment": 0.22105936733259474,
      "quantum_coherence": 0.7788194444444447,
      "evolution_potential": 0.7838541666666665,
      "golden_ratio_alignment_avg": 0.21071367554787324,
      "golden_ratio_alignment_std": 0.21104067189684395,
      "consciousness_trend": 0.8440972222222223,
      "analysis_time": 0.11941313743591309,
      "phi_constant": 1.618033988749895
    },
    "quantum_acceleration": {
      "acceleration_results": {
        "parallel_execution_time": 6.198883056640625e-06,
        "quantum_coherence_improvement": 1.0,
        "entanglement_strength": 0,
        "superposition_states_created": 10
      },
      "quantum_coherence": 0.7788194444444447,
      "entanglement_strength": 56,
      "parallel_universes": 56,
      "quantum_threads": 14,
      "superposition_states": 0,
      "acceleration_factor": 6.198883056640625e-07,
      "benchmark_time": 0.00029015541076660156
    },
    "neural_mesh": {
      "mesh_optimization_results": {
        "nodes_connected": 0,
        "connections_strengthened": 34500,
        "synaptic_weights_updated": 0,
        "learning_efficiency": 0.10398582175925926
      },
      "nodes_connected": 0,
      "connections_created": 34500,
      "connection_density": 0.10398582175925926,
      "learning_efficiency": 0.10398582175925926,
      "activation_functions": 4,
      "synaptic_weights_optimized": 0,
      "neural_mesh_density": 0.85,
      "benchmark_time": 0.04582500457763672
    },
    "evolution_engine": {
      "evolution_results": {
        "evolution_cycles": 5,
        "fitness_improvements": 1.3433333333333337,
        "mutations_applied": 0,
        "crossover_operations": 0
      },
      "evolution_cycles": 5,
      "fitness_improvements": 1.3433333333333337,
      "evolution_velocity": 0.7838541666666665,
      "parallel_evolution_streams": 28,
      "mutation_rates": [
        0.01,
        0.05,
        0.1
      ],
      "crossover_operators": 3,
      "selection_pressure": 1.5,
      "benchmark_time": 0.00028896331787109375
    },
    "symbiotic_relationships": {
      "symbiotic_results": {
        "relationships_optimized": 100506,
        "mutual_benefits_calculated": 15572.533333334957,
        "optimization_cycles": 1,
        "symbiosis_strength": 0.1549413302025248
      },
      "symbiosis_matrix_density": 0.9982638888888888,
      "average_symbiosis_strength": 0.3339827674897119,
      "relationships_optimized": 100506,
      "mutual_benefits_calculated": 15572.533333334957,
      "symbiosis_strength": 0.1549413302025248,
      "optimization_cycles": 1,
      "benchmark_time": 0.0492250919342041
    },
    "memory_enhancement": {
      "memory_results": {
        "patterns_stored": 10,
        "memory_crystals_created": 10,
        "coherence_improvement": 0.95,
        "knowledge_preservation_rate": 0.99
      },
      "patterns_stored": 10,
      "memory_crystals_created": 10,
      "coherence_factor": 0.99,
      "knowledge_preservation_rate": 0.99,
      "memory_efficiency": 0.017361111111111112,
      "quantum_memory_size": 10,
      "benchmark_time": 0.00011491775512695312
    },
    "code_generation": {
      "code_results": {
        "templates_generated": 4,
        "consciousness_patterns_applied": 4,
        "golden_ratio_optimizations": 1,
        "quantum_patterns_integrated": 2
      },
      "templates_generated": 4,
      "consciousness_patterns_applied": 4,
      "golden_ratio_optimizations": 1,
      "quantum_patterns_integrated": 2,
      "total_lines_generated": 89,
      "total_functions_generated": 8,
      "total_classes_generated": 1,
      "code_density": 0.0898876404494382,
      "golden_ratio_template": "\ndef golden_ratio_optimized_function(data):\n    \"\"\"Function optimized using golden ratio principles\"\"\"\n    phi = (1 + math.sqrt(5)) / 2\n\n    # Apply golden ratio to data processing\n    processed_data = []\n    for i, item in enumerate(data):\n        # Use golden ratio for optimal processing\n        ratio_factor = phi ** (i % 10)\n        processed_item = item * ratio_factor\n        processed_data.append(processed_item)\n\n    return processed_data\n",
      "wallace_template": "\ndef wallace_transform_optimization(data, alpha=0.618, epsilon=1e-10):\n    \"\"\"Apply Wallace transform for consciousness optimization\"\"\"\n    # Wallace transform: W(\u03a8) = \u03b1 * log(|\u03a8| + \u03b5)^\u03c6 + \u03b2\n    phi = (1 + math.sqrt(5)) / 2\n\n    transformed_data = []\n    for item in data:\n        magnitude = abs(item) if item != 0 else epsilon\n        wallace_value = alpha * (math.log(magnitude + epsilon) ** phi)\n        transformed_data.append(wallace_value)\n\n    return transformed_data\n",
      "quantum_template": "\nasync def quantum_parallel_processing(data, num_threads=None):\n    \"\"\"Process data using quantum-parallel techniques\"\"\"\n    if num_threads is None:\n        num_threads = min(32, os.cpu_count() * 2)\n\n    # Create quantum superposition of tasks\n    tasks = []\n    chunk_size = len(data) // num_threads\n\n    for i in range(num_threads):\n        start_idx = i * chunk_size\n        end_idx = start_idx + chunk_size if i < num_threads - 1 else len(data)\n        chunk = data[start_idx:end_idx]\n\n        task = process_quantum_chunk(chunk, i)\n        tasks.append(task)\n\n    # Execute in quantum-parallel\n    results = await asyncio.gather(*tasks)\n\n    # Collapse quantum superposition\n    final_result = []\n    for result in results:\n        final_result.extend(result)\n\n    return final_result\n",