{
  "timestamp": "2025-08-29T18:27:08.370940",
  "matrix_sizes": [
    64,
    128,
    256
  ],
  "traditional_results": [
    {
      "matrix_size": 64,
      "approach": "traditional",
      "matrix_generation_time": 8.296966552734375e-05,
      "matrix_processing_time": 0.0007541179656982422,
      "ml_training_time": 0.5701799392700195,
      "total_time": 0.5771257877349854,
      "final_loss": 4.761665344238281,
      "final_accuracy": 0.8917555212974548,
      "convergence_rate": 0.8801248342312464,
      "memory_usage": 358.5625,
      "cpu_utilization": 0.0,
      "condition_number": 7274.694754417144,
      "determinant": 1.838664687902789e+41,
      "trace": -4.781599775666924,
      "selected_optimization_level": "basic",
      "optimization_score": 0.5
    },
    {
      "matrix_size": 128,
      "approach": "traditional",
      "matrix_generation_time": 0.00017690658569335938,
      "matrix_processing_time": 0.0042269229888916016,
      "ml_training_time": 0.3305239677429199,
      "total_time": 0.34000110626220703,
      "final_loss": 22.86686897277832,
      "final_accuracy": 0.8222717046737671,
      "convergence_rate": 0.7991325663991411,
      "memory_usage": 368.625,
      "cpu_utilization": 83.9,
      "condition_number": 243.25262813807603,
      "determinant": 2.586764831153675e+107,
      "trace": 15.179484343381747,
      "selected_optimization_level": "advanced",
      "optimization_score": 0.5
    },
    {
      "matrix_size": 256,
      "approach": "traditional",
      "matrix_generation_time": 0.0007731914520263672,
      "matrix_processing_time": 0.04087114334106445,
      "ml_training_time": 0.2971937656402588,
      "total_time": 0.3450949192047119,
      "final_loss": 71.66410827636719,
      "final_accuracy": 0.7565566301345825,
      "convergence_rate": 0.7421584039245065,
      "memory_usage": 396.53125,
      "cpu_utilization": 84.8,
      "condition_number": 560.0606618069319,
      "determinant": 2.5298245381449638e+253,
      "trace": 2.195875600384976,
      "selected_optimization_level": "advanced",
      "optimization_score": 0.5
    }
  ],
  "koba42_results": [
    {
      "matrix_size": 64,
      "approach": "koba42_enhanced",
      "matrix_generation_time": 9.012222290039062e-05,
      "matrix_processing_time": 0.0006592273712158203,
      "ml_training_time": 0.16812491416931152,
      "total_time": 0.17002177238464355,
      "final_loss": 2.830442190170288,
      "final_accuracy": 0.952913224697113,
      "convergence_rate": 0.9585575055094055,
      "memory_usage": 360.0,
      "cpu_utilization": 22.0,
      "condition_number": 608.9824853628044,
      "determinant": 5.445247237999781e+47,
      "trace": -4.486284401978827,
      "intentful_score": 11.190134547425094,
      "transformed_eigenvals_mean": 2.729017274687777,
      "selected_optimization_level": "basic",
      "optimization_score": 0.8,
      "expected_speedup": 2.5
    },
    {
      "matrix_size": 128,
      "approach": "koba42_enhanced",
      "matrix_generation_time": 0.0029768943786621094,
      "matrix_processing_time": 0.003428220748901367,
      "ml_training_time": 0.47649407386779785,
      "total_time": 0.48526811599731445,
      "final_loss": 3.767786979675293,
      "final_accuracy": 0.9739335775375366,
      "convergence_rate": 0.9674969050242267,
      "memory_usage": 395.078125,
      "cpu_utilization": 66.4,
      "condition_number": 5225.025964836752,
      "determinant": 2.4156957146154764e+119,
      "trace": -4.928157382165957,
      "intentful_score": 15.304491091664019,
      "transformed_eigenvals_mean": 3.781938188948639,
      "selected_optimization_level": "advanced",
      "optimization_score": 0.8,
      "expected_speedup": 1.8
    },
    {
      "matrix_size": 256,
      "approach": "koba42_enhanced",
      "matrix_generation_time": 0.011891841888427734,
      "matrix_processing_time": 0.024302959442138672,
      "ml_training_time": 0.5268359184265137,
      "total_time": 0.5672268867492676,
      "final_loss": 4.129664897918701,
      "final_accuracy": 0.9846723675727844,
      "convergence_rate": 0.9855164909014664,
      "memory_usage": 405.15625,
      "cpu_utilization": 60.5,
      "condition_number": 1599.7568942410733,
      "determinant": -6.4941526085862065e+277,
      "trace": -49.03292048016444,
      "intentful_score": 18.457078715985162,
      "transformed_eigenvals_mean": 4.769289846895552,
      "selected_optimization_level": "advanced",
      "optimization_score": 0.8,
      "expected_speedup": 1.8
    }
  ],
  "enhanced_speedup_analysis": [
    {
      "matrix_size": 64,
      "selected_optimization_level": "basic",
      "speedup_factor": 3.394422841501396,
      "efficiency_ratio": 65.81589163833344,
      "memory_efficiency": 0.9960069444444445,
      "accuracy_improvement": 0.0611577033996582,
      "convergence_improvement": 0.07843267127815912,
      "traditional_time": 0.5771257877349854,
      "koba42_time": 0.17002177238464355,
      "time_savings_percent": 70.5399107096013,
      "expected_speedup": 2.5,
      "speedup_prediction_accuracy": 0.6422308633994416,
      "optimization_score": 0.8
    },
    {
      "matrix_size": 128,
      "selected_optimization_level": "advanced",
      "speedup_factor": 0.7006458801923195,
      "efficiency_ratio": 31.538216889050087,
      "memory_efficiency": 0.9330433063080878,
      "accuracy_improvement": 0.15166187286376953,
      "convergence_improvement": 0.1683643386250856,
      "traditional_time": 0.34000110626220703,
      "koba42_time": 0.48526811599731445,
      "time_savings_percent": -42.7254520822289,
      "expected_speedup": 1.8,
      "speedup_prediction_accuracy": 0.3892477112179552,
      "optimization_score": 0.8
    },
    {
      "matrix_size": 256,
      "selected_optimization_level": "advanced",
      "speedup_factor": 0.6083895655624217,
      "efficiency_ratio": 32.539146410638644,
      "memory_efficiency": 0.9787119166988044,
      "accuracy_improvement": 0.2281157374382019,
      "convergence_improvement": 0.24335808697695993,
      "traditional_time": 0.3450949192047119,
      "koba42_time": 0.5672268867492676,
      "time_savings_percent": -64.36836800045322,
      "expected_speedup": 1.8,
      "speedup_prediction_accuracy": 0.3379942030902343,
      "optimization_score": 0.8
    }
  ],
  "optimization_selection_analysis": [
    {
      "matrix_size": 64,
      "selected_level": "basic",
      "expected_speedup": 2.5,
      "expected_accuracy_improvement": 0.03,
      "actual_speedup": 3.394422841501396,
      "actual_accuracy_improvement": 0.0611577033996582,
      "speedup_prediction_accuracy": 0.6422308633994416,
      "optimization_score": 0.8
    },
    {
      "matrix_size": 128,
      "selected_level": "advanced",
      "expected_speedup": 1.8,
      "expected_accuracy_improvement": 0.06,
      "actual_speedup": 0.7006458801923195,
      "actual_accuracy_improvement": 0.15166187286376953,
      "speedup_prediction_accuracy": 0.3892477112179552,
      "optimization_score": 0.8
    },
    {
      "matrix_size": 256,
      "selected_level": "advanced",
      "expected_speedup": 1.8,
      "expected_accuracy_improvement": 0.06,
      "actual_speedup": 0.6083895655624217,
      "actual_accuracy_improvement": 0.2281157374382019,
      "speedup_prediction_accuracy": 0.3379942030902343,
      "optimization_score": 0.8
    }
  ],
  "summary": {
    "average_speedup_factor": 1.567819429085379,
    "max_speedup_factor": 3.394422841501396,
    "average_efficiency_ratio": 43.29775164600739,
    "average_accuracy_improvement": 0.1469784379005432,
    "average_time_savings_percent": -12.184636457693605,
    "average_prediction_accuracy": 0.45649092590254364,
    "average_optimization_score": 0.8000000000000002,
    "total_tests": 3,
    "speedup_consistency": 1.2921526810158444,
    "efficiency_consistency": 15.927971967836799,
    "optimization_level_distribution": {
      "basic": 1,
      "advanced": 2
    },