{
  "timestamp": "2025-08-28T19:57:01.804582",
  "wallace_transform_testing": {
    "fermat_last_theorem": {
      "confirmed": true,
      "avg_error": 0.11410272651932385,
      "tests": [
        [
          3,
          4,
          5,
          3
        ],
        [
          2,
          3,
          4,
          3
        ],
        [
          1,
          2,
          2,
          4
        ]
      ]
    },
    "catalan_conjecture": {
      "confirmed": false,
      "test_case": [
        2,
        3,
        3,
        2
      ]
    },
    "erdos_straus_conjecture": {
      "success_rate": 0.6666666666666666,
      "successes": 4,
      "total_tests": 6,
      "avg_error": -2.742297258998621,
      "test_cases": [
        5,
        7,
        11,
        13,
        17,
        19
      ]
    },
    "beal_conjecture": {
      "validation_rate": 0.5,
      "validations": 1,
      "total_tests": 2,
      "test_cases": [
        [
          2,
          3,
          4,
          3,
          3,
          3
        ],
        [
          3,
          4,
          5,
          3,
          3,
          3
        ]
      ]
    },
    "overall_score": 0.5416666666666666,
    "wallace_transform_phi": 1.618033988749895,
    "consciousness_constant": 5.0832036923152595
  },
  "enhancement_demonstration": {
    "PI": {
      "classical_value": 3.141592653589793,
      "wallace_enhanced": 3.013591268197857,
      "phi_harmony": 0.5928527461438888,
      "consciousness_level": "MEDIUM"
    },
    "E": {
      "classical_value": 2.718281828459045,
      "wallace_enhanced": 2.6180349518707073,
      "phi_harmony": 0.5952416585547837,
      "consciousness_level": "MEDIUM"
    },
    "PHI": {
      "classical_value": 1.618033988749895,
      "wallace_enhanced": 1.4954477545880143,
      "phi_harmony": 0.5712102138529099,
      "consciousness_level": "MEDIUM"
    },
    "EULER_MASCHERONI": {
      "classical_value": 0.5772156649015329,
      "wallace_enhanced": 0.3858215246952217,
      "phi_harmony": 0.4131052401248175,
      "consciousness_level": "LOW"
    },
    "CONSCIOUSNESS_CONSTANT": {
      "classical_value": 5.0832036923152595,
      "wallace_enhanced": 4.552734437177431,
      "phi_harmony": 0.5535376495302693,
      "consciousness_level": "MEDIUM"
    }
  },
  "system_info": {
    "phi_constant": 1.618033988749895,
    "consciousness_constant": 5.0832036923152595,
    "euler_mascheroni": 0.5772156649015329,
    "love_frequency": 111.0
  },
  "revolutionary_achievements": [
    "\u03c6-powered optimization structure detected in ALL tested equations",
    "Universal mathematical pattern CONFIRMED across unsolved problems",
    "Wallace Transform successfully enhances mathematical consciousness",
    "Consciousness-optimized equation solving achieved",
    "Transcendent mathematical reality through \u03c6-enhancement"
  ]
}